keyword,intent,old_page_file,old_url,old_title,old_meta_description,duplicated_across_pages,suggested_new_target_page,search_volume_FILL_FROM_SEARCH_ATLAS,keyword_difficulty_FILL_FROM_SEARCH_ATLAS,verdict_after_matrix
Cupboard Centre,Navigational,about-us.html,https://www.cupboardcentre.co.za/about-us,About Cupboard Centre | Your Trusted DIY & Custom Cabinet Experts,MISSING,no,about.html,,,
custom cabinetry,Commercial,about-us.html,https://www.cupboardcentre.co.za/about-us,About Cupboard Centre | Your Trusted DIY & Custom Cabinet Experts,MISSING,no,about.html,,,
DIY cabinets,Commercial,about-us.html,https://www.cupboardcentre.co.za/about-us,About Cupboard Centre | Your Trusted DIY & Custom Cabinet Experts,MISSING,no,about.html,,,
kitchen cupboards,Commercial,about-us.html,https://www.cupboardcentre.co.za/about-us,About Cupboard Centre | Your Trusted DIY & Custom Cabinet Experts,MISSING,no,about.html,,,
bedroom cupboards,Commercial,about-us.html,https://www.cupboardcentre.co.za/about-us,About Cupboard Centre | Your Trusted DIY & Custom Cabinet Experts,MISSING,no,about.html,,,
bathroom cabinets,Commercial,about-us.html,https://www.cupboardcentre.co.za/about-us,About Cupboard Centre | Your Trusted DIY & Custom Cabinet Experts,MISSING,no,about.html,,,
built-in cupboards,Commercial,about-us.html,https://www.cupboardcentre.co.za/about-us,About Cupboard Centre | Your Trusted DIY & Custom Cabinet Experts,MISSING,no,about.html,,,
cabinetry experts,Commercial,about-us.html,https://www.cupboardcentre.co.za/about-us,About Cupboard Centre | Your Trusted DIY & Custom Cabinet Experts,MISSING,no,about.html,,,
cupboard installation,Commercial,about-us.html,https://www.cupboardcentre.co.za/about-us,About Cupboard Centre | Your Trusted DIY & Custom Cabinet Experts,MISSING,no,about.html,,,
bedroom cabinetry,Commercial,bedroom-and-bathroom-cabinetry.html,https://www.cupboardcentre.co.za/bedroom-cabinetry,Bedroom Cabinetry | Custom & DIY Wardrobes and Storage Solutions,"Explore custom bedroom cabinetry, DIY wardrobes, and storage solutions for stylish, functional spaces. Tailored designs, expert installation, and more.",no,bedroom-cupboards.html,,,
custom cupboards,Commercial,bedroom-and-bathroom-cabinetry.html,https://www.cupboardcentre.co.za/bedroom-cabinetry,Bedroom Cabinetry | Custom & DIY Wardrobes and Storage Solutions,"Explore custom bedroom cabinetry, DIY wardrobes, and storage solutions for stylish, functional spaces. Tailored designs, expert installation, and more.",no,bedroom-cupboards.html,,,
DIY wardrobe,Commercial,bedroom-and-bathroom-cabinetry.html,https://www.cupboardcentre.co.za/bedroom-cabinetry,Bedroom Cabinetry | Custom & DIY Wardrobes and Storage Solutions,"Explore custom bedroom cabinetry, DIY wardrobes, and storage solutions for stylish, functional spaces. Tailored designs, expert installation, and more.",no,bedroom-cupboards.html,,,
chest drawer,Commercial,bedroom-and-bathroom-cabinetry.html,https://www.cupboardcentre.co.za/bedroom-cabinetry,Bedroom Cabinetry | Custom & DIY Wardrobes and Storage Solutions,"Explore custom bedroom cabinetry, DIY wardrobes, and storage solutions for stylish, functional spaces. Tailored designs, expert installation, and more.",no,bedroom-cupboards.html,,,
custom cabinetry,Commercial,bedroom-and-bathroom-cabinetry.html,https://www.cupboardcentre.co.za/bedroom-cabinetry,Bedroom Cabinetry | Custom & DIY Wardrobes and Storage Solutions,"Explore custom bedroom cabinetry, DIY wardrobes, and storage solutions for stylish, functional spaces. Tailored designs, expert installation, and more.",YES - also on about-us.html,bedroom-cupboards.html,,,
bedside cabinets,Commercial,bedroom-and-bathroom-cabinetry.html,https://www.cupboardcentre.co.za/bedroom-cabinetry,Bedroom Cabinetry | Custom & DIY Wardrobes and Storage Solutions,"Explore custom bedroom cabinetry, DIY wardrobes, and storage solutions for stylish, functional spaces. Tailored designs, expert installation, and more.",no,bedroom-cupboards.html,,,
shoe storage,Commercial,bedroom-and-bathroom-cabinetry.html,https://www.cupboardcentre.co.za/bedroom-cabinetry,Bedroom Cabinetry | Custom & DIY Wardrobes and Storage Solutions,"Explore custom bedroom cabinetry, DIY wardrobes, and storage solutions for stylish, functional spaces. Tailored designs, expert installation, and more.",no,bedroom-cupboards.html,,,
DIY bedroom cupboard,Commercial,bedroom-and-bathroom-cabinetry.html,https://www.cupboardcentre.co.za/bedroom-cabinetry,Bedroom Cabinetry | Custom & DIY Wardrobes and Storage Solutions,"Explore custom bedroom cabinetry, DIY wardrobes, and storage solutions for stylish, functional spaces. Tailored designs, expert installation, and more.",no,bedroom-cupboards.html,,,
bathroom cabinetry,Commercial,bedroom-and-bathroom-cabinetry.html,https://www.cupboardcentre.co.za/bedroom-cabinetry,Bedroom Cabinetry | Custom & DIY Wardrobes and Storage Solutions,"Explore custom bedroom cabinetry, DIY wardrobes, and storage solutions for stylish, functional spaces. Tailored designs, expert installation, and more.",no,bedroom-cupboards.html,,,
cupboard warehouse,Commercial,blog.html,https://www.cupboardcentre.co.za/blog,Cupboard warehouse DIY Mastery: Your Ultimate Guide to Home Transformations with Cupboard Centre,MISSING,no,blog.html,,,
builders  warehouse built in kitchen cupboards,Commercial,blog.html,https://www.cupboardcentre.co.za/blog,Cupboard warehouse DIY Mastery: Your Ultimate Guide to Home Transformations with Cupboard Centre,MISSING,no,blog.html,,,
diy kitchen cupboards builders warehouse,Commercial,blog.html,https://www.cupboardcentre.co.za/blog,Cupboard warehouse DIY Mastery: Your Ultimate Guide to Home Transformations with Cupboard Centre,MISSING,no,blog.html,,,
builders warehouse diy kitchen cupboards,Commercial,blog.html,https://www.cupboardcentre.co.za/blog,Cupboard warehouse DIY Mastery: Your Ultimate Guide to Home Transformations with Cupboard Centre,MISSING,no,blog.html,,,
builders warehouse bathroom cupboards,Commercial,blog.html,https://www.cupboardcentre.co.za/blog,Cupboard warehouse DIY Mastery: Your Ultimate Guide to Home Transformations with Cupboard Centre,MISSING,no,blog.html,,,
cart,Navigational,cart.html,https://www.cupboardcentre.co.za/cart,Your Cart | Cupboard Centre – Review and Checkout,MISSING,no,cart.html,,,
cupboard center cart,Navigational,cart.html,https://www.cupboardcentre.co.za/cart,Your Cart | Cupboard Centre – Review and Checkout,MISSING,no,cart.html,,,
review items,Commercial,cart.html,https://www.cupboardcentre.co.za/cart,Your Cart | Cupboard Centre – Review and Checkout,MISSING,no,cart.html,,,
checkout,Navigational,cart.html,https://www.cupboardcentre.co.za/cart,Your Cart | Cupboard Centre – Review and Checkout,MISSING,no,cart.html,,,
DIY cupboards,Commercial,cart.html,https://www.cupboardcentre.co.za/cart,Your Cart | Cupboard Centre – Review and Checkout,MISSING,no,cart.html,,,
custom cabinets,Commercial,cart.html,https://www.cupboardcentre.co.za/cart,Your Cart | Cupboard Centre – Review and Checkout,MISSING,no,cart.html,,,
secure checkout,Navigational,cart.html,https://www.cupboardcentre.co.za/cart,Your Cart | Cupboard Centre – Review and Checkout,MISSING,no,cart.html,,,
checkout,Navigational,checkout.html,https://www.cupboardcentre.co.za/checkout,Checkout | Cupboard Centre – Request a Free Quote,MISSING,YES - also on cart.html,get-a-quote.html,,,
quote request,Transactional,checkout.html,https://www.cupboardcentre.co.za/checkout,Checkout | Cupboard Centre – Request a Free Quote,MISSING,no,get-a-quote.html,,,
cupboard center quote,Navigational,checkout.html,https://www.cupboardcentre.co.za/checkout,Checkout | Cupboard Centre – Request a Free Quote,MISSING,no,get-a-quote.html,,,
custom cupboards,Commercial,checkout.html,https://www.cupboardcentre.co.za/checkout,Checkout | Cupboard Centre – Request a Free Quote,MISSING,YES - also on bedroom-and-bathroom-cabinetry.html,get-a-quote.html,,,
DIY solutions,Commercial,checkout.html,https://www.cupboardcentre.co.za/checkout,Checkout | Cupboard Centre – Request a Free Quote,MISSING,no,get-a-quote.html,,,
finalize selection,Commercial,checkout.html,https://www.cupboardcentre.co.za/checkout,Checkout | Cupboard Centre – Request a Free Quote,MISSING,no,get-a-quote.html,,,
contact Cupboard Centre,Navigational,contact-us.html,https://www.cupboardcentre.co.za/contact-us,Contact Us | We Are Available for All Your Cupboard Solutions,"Reach out to Cupboard Centre for expert advice, support, and information on DIY cupboards, custom designs, and installations. We",no,contact.html,,,
DIY cupboards support,Commercial,contact-us.html,https://www.cupboardcentre.co.za/contact-us,Contact Us | We Are Available for All Your Cupboard Solutions,"Reach out to Cupboard Centre for expert advice, support, and information on DIY cupboards, custom designs, and installations. We",no,contact.html,,,
custom cupboard help,Commercial,contact-us.html,https://www.cupboardcentre.co.za/contact-us,Contact Us | We Are Available for All Your Cupboard Solutions,"Reach out to Cupboard Centre for expert advice, support, and information on DIY cupboards, custom designs, and installations. We",no,contact.html,,,
cupboard installation assistance,Commercial,contact-us.html,https://www.cupboardcentre.co.za/contact-us,Contact Us | We Are Available for All Your Cupboard Solutions,"Reach out to Cupboard Centre for expert advice, support, and information on DIY cupboards, custom designs, and installations. We",no,contact.html,,,
get a quote cupboards,Transactional,contact-us.html,https://www.cupboardcentre.co.za/contact-us,Contact Us | We Are Available for All Your Cupboard Solutions,"Reach out to Cupboard Centre for expert advice, support, and information on DIY cupboards, custom designs, and installations. We",no,contact.html,,,
cupboard centre contact,Navigational,contact-us.html,https://www.cupboardcentre.co.za/contact-us,Contact Us | We Are Available for All Your Cupboard Solutions,"Reach out to Cupboard Centre for expert advice, support, and information on DIY cupboards, custom designs, and installations. We",no,contact.html,,,
cupboard installation,Commercial,cupboard-installation.html,https://www.cupboardcentre.co.za/cupboard-installation,Expert Cupboard Installation | Kitchen Cabinets & Wardrobe Installers,MISSING,YES - also on about-us.html,cupboard-installation.html,,,
kitchen cupboard installation,Commercial,cupboard-installation.html,https://www.cupboardcentre.co.za/cupboard-installation,Expert Cupboard Installation | Kitchen Cabinets & Wardrobe Installers,MISSING,no,cupboard-installation.html,,,
cabinetry installation,Commercial,cupboard-installation.html,https://www.cupboardcentre.co.za/cupboard-installation,Expert Cupboard Installation | Kitchen Cabinets & Wardrobe Installers,MISSING,no,cupboard-installation.html,,,
cupboard installers,Commercial,cupboard-installation.html,https://www.cupboardcentre.co.za/cupboard-installation,Expert Cupboard Installation | Kitchen Cabinets & Wardrobe Installers,MISSING,no,cupboard-installation.html,,,
wardrobe installers,Commercial,cupboard-installation.html,https://www.cupboardcentre.co.za/cupboard-installation,Expert Cupboard Installation | Kitchen Cabinets & Wardrobe Installers,MISSING,no,cupboard-installation.html,,,
custom cupboard installation,Commercial,cupboard-installation.html,https://www.cupboardcentre.co.za/cupboard-installation,Expert Cupboard Installation | Kitchen Cabinets & Wardrobe Installers,MISSING,no,cupboard-installation.html,,,
professional cabinet fitters,Commercial,cupboard-installation.html,https://www.cupboardcentre.co.za/cupboard-installation,Expert Cupboard Installation | Kitchen Cabinets & Wardrobe Installers,MISSING,no,cupboard-installation.html,,,
DIY cupboards,Commercial,faq.html,https://www.cupboardcentre.co.za/faq,Frequently Asked Questions | Cupboard Centre DIY & Custom Cupboards,MISSING,YES - also on cart.html,faq.html,,,
custom cupboards,Commercial,faq.html,https://www.cupboardcentre.co.za/faq,Frequently Asked Questions | Cupboard Centre DIY & Custom Cupboards,MISSING,YES - also on bedroom-and-bathroom-cabinetry.html,faq.html,,,
cupboard delivery,Commercial,faq.html,https://www.cupboardcentre.co.za/faq,Frequently Asked Questions | Cupboard Centre DIY & Custom Cupboards,MISSING,no,faq.html,,,
cupboard installation,Commercial,faq.html,https://www.cupboardcentre.co.za/faq,Frequently Asked Questions | Cupboard Centre DIY & Custom Cupboards,MISSING,YES - also on about-us.html,faq.html,,,
custom design cupboards,Informational,faq.html,https://www.cupboardcentre.co.za/faq,Frequently Asked Questions | Cupboard Centre DIY & Custom Cupboards,MISSING,no,faq.html,,,
cupboard materials,Commercial,faq.html,https://www.cupboardcentre.co.za/faq,Frequently Asked Questions | Cupboard Centre DIY & Custom Cupboards,MISSING,no,faq.html,,,
visit cupboard centre,Navigational,faq.html,https://www.cupboardcentre.co.za/faq,Frequently Asked Questions | Cupboard Centre DIY & Custom Cupboards,MISSING,no,faq.html,,,
custom cabinetry,Commercial,gallery-bathroom-cabinetry.html,https://www.cupboardcentre.co.za/gallery-bathroom-cabinetry,Bathroom Cabinetry Gallery | Custom & DIY with Quartz Countertops,MISSING,YES - also on about-us.html,bathroom-cabinets.html,,,
melamine doors,Commercial,gallery-bathroom-cabinetry.html,https://www.cupboardcentre.co.za/gallery-bathroom-cabinetry,Bathroom Cabinetry Gallery | Custom & DIY with Quartz Countertops,MISSING,no,bathroom-cabinets.html,,,
Eazi Quartz,Commercial,gallery-bathroom-cabinetry.html,https://www.cupboardcentre.co.za/gallery-bathroom-cabinetry,Bathroom Cabinetry Gallery | Custom & DIY with Quartz Countertops,MISSING,no,bathroom-cabinets.html,,,
quartz countertops,Commercial,gallery-bathroom-cabinetry.html,https://www.cupboardcentre.co.za/gallery-bathroom-cabinetry,Bathroom Cabinetry Gallery | Custom & DIY with Quartz Countertops,MISSING,no,bathroom-cabinets.html,,,
bathroom vanities,Commercial,gallery-bathroom-cabinetry.html,https://www.cupboardcentre.co.za/gallery-bathroom-cabinetry,Bathroom Cabinetry Gallery | Custom & DIY with Quartz Countertops,MISSING,no,bathroom-cabinets.html,,,
bathroom vanity design,Informational,gallery-bathroom-cabinetry.html,https://www.cupboardcentre.co.za/gallery-bathroom-cabinetry,Bathroom Cabinetry Gallery | Custom & DIY with Quartz Countertops,MISSING,no,bathroom-cabinets.html,,,
DIY cabinets,Commercial,gallery-bathroom-cabinetry.html,https://www.cupboardcentre.co.za/gallery-bathroom-cabinetry,Bathroom Cabinetry Gallery | Custom & DIY with Quartz Countertops,MISSING,YES - also on about-us.html,bathroom-cabinets.html,,,
bathroom storage solutions,Commercial,gallery-bathroom-cabinetry.html,https://www.cupboardcentre.co.za/gallery-bathroom-cabinetry,Bathroom Cabinetry Gallery | Custom & DIY with Quartz Countertops,MISSING,no,bathroom-cabinets.html,,,
bathroom remodeling,Commercial,gallery-bathroom-cabinetry.html,https://www.cupboardcentre.co.za/gallery-bathroom-cabinetry,Bathroom Cabinetry Gallery | Custom & DIY with Quartz Countertops,MISSING,no,bathroom-cabinets.html,,,
Bedroom cupboards,Commercial,gallery-bedroom-cupboards.html,https://www.cupboardcentre.co.za/gallery-bedroom-cupboards,Bedroom Cupboards | Custom Wardrobes & Built-in Cabinets,MISSING,YES - also on about-us.html,bedroom-cupboards.html,,,
built-in wardrobes,Commercial,gallery-bedroom-cupboards.html,https://www.cupboardcentre.co.za/gallery-bedroom-cupboards,Bedroom Cupboards | Custom Wardrobes & Built-in Cabinets,MISSING,no,bedroom-cupboards.html,,,
custom cupboards,Commercial,gallery-bedroom-cupboards.html,https://www.cupboardcentre.co.za/gallery-bedroom-cupboards,Bedroom Cupboards | Custom Wardrobes & Built-in Cabinets,MISSING,YES - also on bedroom-and-bathroom-cabinetry.html,bedroom-cupboards.html,,,
DIY wardrobe,Commercial,gallery-bedroom-cupboards.html,https://www.cupboardcentre.co.za/gallery-bedroom-cupboards,Bedroom Cupboards | Custom Wardrobes & Built-in Cabinets,MISSING,YES - also on bedroom-and-bathroom-cabinetry.html,bedroom-cupboards.html,,,
chest of drawer,Commercial,gallery-bedroom-cupboards.html,https://www.cupboardcentre.co.za/gallery-bedroom-cupboards,Bedroom Cupboards | Custom Wardrobes & Built-in Cabinets,MISSING,no,bedroom-cupboards.html,,,
custom cabinetry,Commercial,gallery-bedroom-cupboards.html,https://www.cupboardcentre.co.za/gallery-bedroom-cupboards,Bedroom Cupboards | Custom Wardrobes & Built-in Cabinets,MISSING,YES - also on about-us.html,bedroom-cupboards.html,,,
bedside cabinets,Commercial,gallery-bedroom-cupboards.html,https://www.cupboardcentre.co.za/gallery-bedroom-cupboards,Bedroom Cupboards | Custom Wardrobes & Built-in Cabinets,MISSING,YES - also on bedroom-and-bathroom-cabinetry.html,bedroom-cupboards.html,,,
shoe storage,Commercial,gallery-bedroom-cupboards.html,https://www.cupboardcentre.co.za/gallery-bedroom-cupboards,Bedroom Cupboards | Custom Wardrobes & Built-in Cabinets,MISSING,YES - also on bedroom-and-bathroom-cabinetry.html,bedroom-cupboards.html,,,
DIY bedroom cupboard,Commercial,gallery-bedroom-cupboards.html,https://www.cupboardcentre.co.za/gallery-bedroom-cupboards,Bedroom Cupboards | Custom Wardrobes & Built-in Cabinets,MISSING,YES - also on bedroom-and-bathroom-cabinetry.html,bedroom-cupboards.html,,,
shop fitting,Transactional,gallery-custom-cabinetry.html,https://www.cupboardcentre.co.za/gallery-custom-cabinetry,Custom Office Cupboards & Shop Fitting | Desks & Counters,MISSING,no,custom-cabinetry.html,,,
custom cabinetry,Commercial,gallery-custom-cabinetry.html,https://www.cupboardcentre.co.za/gallery-custom-cabinetry,Custom Office Cupboards & Shop Fitting | Desks & Counters,MISSING,YES - also on about-us.html,custom-cabinetry.html,,,
office cupboards,Commercial,gallery-custom-cabinetry.html,https://www.cupboardcentre.co.za/gallery-custom-cabinetry,Custom Office Cupboards & Shop Fitting | Desks & Counters,MISSING,no,custom-cabinetry.html,,,
reception desks,Commercial,gallery-custom-cabinetry.html,https://www.cupboardcentre.co.za/gallery-custom-cabinetry,Custom Office Cupboards & Shop Fitting | Desks & Counters,MISSING,no,custom-cabinetry.html,,,
office desks,Commercial,gallery-custom-cabinetry.html,https://www.cupboardcentre.co.za/gallery-custom-cabinetry,Custom Office Cupboards & Shop Fitting | Desks & Counters,MISSING,no,custom-cabinetry.html,,,
shop counters,Transactional,gallery-custom-cabinetry.html,https://www.cupboardcentre.co.za/gallery-custom-cabinetry,Custom Office Cupboards & Shop Fitting | Desks & Counters,MISSING,no,custom-cabinetry.html,,,
Designs of kitchen cupboard,Informational,gallery-designs-of-kitchen-cupboard.html,https://www.cupboardcentre.co.za/gallery-designs-of-kitchen-cupboard,Kitchen Cupboard Designs | Custom Cabinets & Built-in Cupboards,MISSING,no,gallery-designs-of-kitchen-cupboard.html,,,
kitchen cupboard designs,Informational,gallery-designs-of-kitchen-cupboard.html,https://www.cupboardcentre.co.za/gallery-designs-of-kitchen-cupboard,Kitchen Cupboard Designs | Custom Cabinets & Built-in Cupboards,MISSING,no,gallery-designs-of-kitchen-cupboard.html,,,
custom cabinets,Commercial,gallery-designs-of-kitchen-cupboard.html,https://www.cupboardcentre.co.za/gallery-designs-of-kitchen-cupboard,Kitchen Cupboard Designs | Custom Cabinets & Built-in Cupboards,MISSING,YES - also on cart.html,gallery-designs-of-kitchen-cupboard.html,,,
built-in cupboards,Commercial,gallery-designs-of-kitchen-cupboard.html,https://www.cupboardcentre.co.za/gallery-designs-of-kitchen-cupboard,Kitchen Cupboard Designs | Custom Cabinets & Built-in Cupboards,MISSING,YES - also on about-us.html,gallery-designs-of-kitchen-cupboard.html,,,
DIY kitchen cabinets,Commercial,gallery-designs-of-kitchen-cupboard.html,https://www.cupboardcentre.co.za/gallery-designs-of-kitchen-cupboard,Kitchen Cupboard Designs | Custom Cabinets & Built-in Cupboards,MISSING,no,gallery-designs-of-kitchen-cupboard.html,,,
kitchen storage solutions,Commercial,gallery-designs-of-kitchen-cupboard.html,https://www.cupboardcentre.co.za/gallery-designs-of-kitchen-cupboard,Kitchen Cupboard Designs | Custom Cabinets & Built-in Cupboards,MISSING,no,gallery-designs-of-kitchen-cupboard.html,,,
cupboard installation,Commercial,gallery-designs-of-kitchen-cupboard.html,https://www.cupboardcentre.co.za/gallery-designs-of-kitchen-cupboard,Kitchen Cupboard Designs | Custom Cabinets & Built-in Cupboards,MISSING,YES - also on about-us.html,gallery-designs-of-kitchen-cupboard.html,,,
flat panel doors,Commercial,gallery-designs-of-kitchen-cupboard.html,https://www.cupboardcentre.co.za/gallery-designs-of-kitchen-cupboard,Kitchen Cupboard Designs | Custom Cabinets & Built-in Cupboards,MISSING,no,gallery-designs-of-kitchen-cupboard.html,,,
quartz countertops,Commercial,gallery-designs-of-kitchen-cupboard.html,https://www.cupboardcentre.co.za/gallery-designs-of-kitchen-cupboard,Kitchen Cupboard Designs | Custom Cabinets & Built-in Cupboards,MISSING,YES - also on gallery-bathroom-cabinetry.html,gallery-designs-of-kitchen-cupboard.html,,,
kitchen organization,Commercial,gallery-designs-of-kitchen-cupboard.html,https://www.cupboardcentre.co.za/gallery-designs-of-kitchen-cupboard,Kitchen Cupboard Designs | Custom Cabinets & Built-in Cupboards,MISSING,no,gallery-designs-of-kitchen-cupboard.html,,,
DIY kitchen units,Commercial,gallery-diy-units.html,https://www.cupboardcentre.co.za/gallery-diy-units,"DIY Units | Customizable Kitchen, Bathroom & Bedroom Solutions",MISSING,no,diy-units.html,,,
floor units,Commercial,gallery-diy-units.html,https://www.cupboardcentre.co.za/gallery-diy-units,"DIY Units | Customizable Kitchen, Bathroom & Bedroom Solutions",MISSING,no,diy-units.html,,,
DIY units,Commercial,gallery-diy-units.html,https://www.cupboardcentre.co.za/gallery-diy-units,"DIY Units | Customizable Kitchen, Bathroom & Bedroom Solutions",MISSING,no,diy-units.html,,,
custom cabinetry,Commercial,gallery-diy-units.html,https://www.cupboardcentre.co.za/gallery-diy-units,"DIY Units | Customizable Kitchen, Bathroom & Bedroom Solutions",MISSING,YES - also on about-us.html,diy-units.html,,,
DIY bathroom units,Commercial,gallery-diy-units.html,https://www.cupboardcentre.co.za/gallery-diy-units,"DIY Units | Customizable Kitchen, Bathroom & Bedroom Solutions",MISSING,no,diy-units.html,,,
bedroom DIY cupboards,Commercial,gallery-diy-units.html,https://www.cupboardcentre.co.za/gallery-diy-units,"DIY Units | Customizable Kitchen, Bathroom & Bedroom Solutions",MISSING,no,diy-units.html,,,
kitchen storage,Commercial,gallery-diy-units.html,https://www.cupboardcentre.co.za/gallery-diy-units,"DIY Units | Customizable Kitchen, Bathroom & Bedroom Solutions",MISSING,no,diy-units.html,,,
DIY cupboard solutions,Commercial,gallery-diy-units.html,https://www.cupboardcentre.co.za/gallery-diy-units,"DIY Units | Customizable Kitchen, Bathroom & Bedroom Solutions",MISSING,no,diy-units.html,,,
get a free quote,Transactional,get-a-quote.html,https://www.cupboardcentre.co.za/get-a-quote,Get a Free Quote | Cupboard Centre DIY Cabinets & Installations,MISSING,no,get-a-quote.html,,,
custom cupboards,Commercial,get-a-quote.html,https://www.cupboardcentre.co.za/get-a-quote,Get a Free Quote | Cupboard Centre DIY Cabinets & Installations,MISSING,YES - also on bedroom-and-bathroom-cabinetry.html,get-a-quote.html,,,
kitchen cabinets,Commercial,get-a-quote.html,https://www.cupboardcentre.co.za/get-a-quote,Get a Free Quote | Cupboard Centre DIY Cabinets & Installations,MISSING,no,get-a-quote.html,,,
DIY units,Commercial,get-a-quote.html,https://www.cupboardcentre.co.za/get-a-quote,Get a Free Quote | Cupboard Centre DIY Cabinets & Installations,MISSING,YES - also on gallery-diy-units.html,get-a-quote.html,,,
cabinetry installation,Commercial,get-a-quote.html,https://www.cupboardcentre.co.za/get-a-quote,Get a Free Quote | Cupboard Centre DIY Cabinets & Installations,MISSING,YES - also on cupboard-installation.html,get-a-quote.html,,,
cupboard installers,Commercial,get-a-quote.html,https://www.cupboardcentre.co.za/get-a-quote,Get a Free Quote | Cupboard Centre DIY Cabinets & Installations,MISSING,YES - also on cupboard-installation.html,get-a-quote.html,,,
custom cabinet quotes,Transactional,get-a-quote.html,https://www.cupboardcentre.co.za/get-a-quote,Get a Free Quote | Cupboard Centre DIY Cabinets & Installations,MISSING,no,get-a-quote.html,,,
DIY cupboard,Commercial,home-cc.html,https://www.cupboardcentre.co.za/home-cc,Cupboard Centre | Nelspruit's Best DIY Cupboard Solutions,MISSING,no,index.html,,,
Nelspruit,Commercial,home-cc.html,https://www.cupboardcentre.co.za/home-cc,Cupboard Centre | Nelspruit's Best DIY Cupboard Solutions,MISSING,no,index.html,,,
DIY cupboard experts,Commercial,home-cc.html,https://www.cupboardcentre.co.za/home-cc,Cupboard Centre | Nelspruit's Best DIY Cupboard Solutions,MISSING,no,index.html,,,
Christmas Holidays,Commercial,home-cc.html,https://www.cupboardcentre.co.za/home-cc,Cupboard Centre | Nelspruit's Best DIY Cupboard Solutions,MISSING,no,index.html,,,
wall racks,Commercial,home-cc.html,https://www.cupboardcentre.co.za/home-cc,Cupboard Centre | Nelspruit's Best DIY Cupboard Solutions,MISSING,no,index.html,,,
drawer units,Commercial,home-cc.html,https://www.cupboardcentre.co.za/home-cc,Cupboard Centre | Nelspruit's Best DIY Cupboard Solutions,MISSING,no,index.html,,,
melamine doors,Commercial,home-cc.html,https://www.cupboardcentre.co.za/home-cc,Cupboard Centre | Nelspruit's Best DIY Cupboard Solutions,MISSING,YES - also on gallery-bathroom-cabinetry.html,index.html,,,
quartz countertops,Commercial,home-cc.html,https://www.cupboardcentre.co.za/home-cc,Cupboard Centre | Nelspruit's Best DIY Cupboard Solutions,MISSING,YES - also on gallery-bathroom-cabinetry.html,index.html,,,
bedroom cabinets,Commercial,home-cc.html,https://www.cupboardcentre.co.za/home-cc,Cupboard Centre | Nelspruit's Best DIY Cupboard Solutions,MISSING,no,index.html,,,
bathroom cabinets,Commercial,home-cc.html,https://www.cupboardcentre.co.za/home-cc,Cupboard Centre | Nelspruit's Best DIY Cupboard Solutions,MISSING,YES - also on about-us.html,index.html,,,
DIY kitchen units,Commercial,home-cc.html,https://www.cupboardcentre.co.za/home-cc,Cupboard Centre | Nelspruit's Best DIY Cupboard Solutions,MISSING,YES - also on gallery-diy-units.html,index.html,,,
complete installation,Commercial,home-cc.html,https://www.cupboardcentre.co.za/home-cc,Cupboard Centre | Nelspruit's Best DIY Cupboard Solutions,MISSING,no,index.html,,,
pre-assembled wardrobe,Commercial,home-cc.html,https://www.cupboardcentre.co.za/home-cc,Cupboard Centre | Nelspruit's Best DIY Cupboard Solutions,MISSING,no,index.html,,,
pre-assembled bathroom cabinets,Commercial,home-cc.html,https://www.cupboardcentre.co.za/home-cc,Cupboard Centre | Nelspruit's Best DIY Cupboard Solutions,MISSING,no,index.html,,,
custom kitchen cabinets,Commercial,home-cc.html,https://www.cupboardcentre.co.za/home-cc,Cupboard Centre | Nelspruit's Best DIY Cupboard Solutions,MISSING,no,index.html,,,
one-stop shop,Transactional,home-cc.html,https://www.cupboardcentre.co.za/home-cc,Cupboard Centre | Nelspruit's Best DIY Cupboard Solutions,MISSING,no,index.html,,,
DIY cupboard,Commercial,index.html,https://www.cupboardcentre.co.za/home-cc,Cupboard Centre | Nelspruit's Best DIY Cupboard Solutions,MISSING,YES - also on home-cc.html,index.html,,,
Nelspruit,Commercial,index.html,https://www.cupboardcentre.co.za/home-cc,Cupboard Centre | Nelspruit's Best DIY Cupboard Solutions,MISSING,YES - also on home-cc.html,index.html,,,
DIY cupboard experts,Commercial,index.html,https://www.cupboardcentre.co.za/home-cc,Cupboard Centre | Nelspruit's Best DIY Cupboard Solutions,MISSING,YES - also on home-cc.html,index.html,,,
Christmas Holidays,Commercial,index.html,https://www.cupboardcentre.co.za/home-cc,Cupboard Centre | Nelspruit's Best DIY Cupboard Solutions,MISSING,YES - also on home-cc.html,index.html,,,
wall racks,Commercial,index.html,https://www.cupboardcentre.co.za/home-cc,Cupboard Centre | Nelspruit's Best DIY Cupboard Solutions,MISSING,YES - also on home-cc.html,index.html,,,
drawer units,Commercial,index.html,https://www.cupboardcentre.co.za/home-cc,Cupboard Centre | Nelspruit's Best DIY Cupboard Solutions,MISSING,YES - also on home-cc.html,index.html,,,
melamine doors,Commercial,index.html,https://www.cupboardcentre.co.za/home-cc,Cupboard Centre | Nelspruit's Best DIY Cupboard Solutions,MISSING,YES - also on gallery-bathroom-cabinetry.html,index.html,,,
quartz countertops,Commercial,index.html,https://www.cupboardcentre.co.za/home-cc,Cupboard Centre | Nelspruit's Best DIY Cupboard Solutions,MISSING,YES - also on gallery-bathroom-cabinetry.html,index.html,,,
bedroom cabinets,Commercial,index.html,https://www.cupboardcentre.co.za/home-cc,Cupboard Centre | Nelspruit's Best DIY Cupboard Solutions,MISSING,YES - also on home-cc.html,index.html,,,
bathroom cabinets,Commercial,index.html,https://www.cupboardcentre.co.za/home-cc,Cupboard Centre | Nelspruit's Best DIY Cupboard Solutions,MISSING,YES - also on about-us.html,index.html,,,
DIY kitchen units,Commercial,index.html,https://www.cupboardcentre.co.za/home-cc,Cupboard Centre | Nelspruit's Best DIY Cupboard Solutions,MISSING,YES - also on gallery-diy-units.html,index.html,,,
complete installation,Commercial,index.html,https://www.cupboardcentre.co.za/home-cc,Cupboard Centre | Nelspruit's Best DIY Cupboard Solutions,MISSING,YES - also on home-cc.html,index.html,,,
pre-assembled wardrobe,Commercial,index.html,https://www.cupboardcentre.co.za/home-cc,Cupboard Centre | Nelspruit's Best DIY Cupboard Solutions,MISSING,YES - also on home-cc.html,index.html,,,
pre-assembled bathroom cabinets,Commercial,index.html,https://www.cupboardcentre.co.za/home-cc,Cupboard Centre | Nelspruit's Best DIY Cupboard Solutions,MISSING,YES - also on home-cc.html,index.html,,,
custom kitchen cabinets,Commercial,index.html,https://www.cupboardcentre.co.za/home-cc,Cupboard Centre | Nelspruit's Best DIY Cupboard Solutions,MISSING,YES - also on home-cc.html,index.html,,,
one-stop shop,Transactional,index.html,https://www.cupboardcentre.co.za/home-cc,Cupboard Centre | Nelspruit's Best DIY Cupboard Solutions,MISSING,YES - also on home-cc.html,index.html,,,
Kitchen units,Commercial,kitchen-units.html,https://www.cupboardcentre.co.za/kitchen-units,Kitchen Units | Custom Cabinets & DIY Cupboards,MISSING,no,kitchen-units.html,,,
custom cabinets,Commercial,kitchen-units.html,https://www.cupboardcentre.co.za/kitchen-units,Kitchen Units | Custom Cabinets & DIY Cupboards,MISSING,YES - also on cart.html,kitchen-units.html,,,
built-in cupboards,Commercial,kitchen-units.html,https://www.cupboardcentre.co.za/kitchen-units,Kitchen Units | Custom Cabinets & DIY Cupboards,MISSING,YES - also on about-us.html,kitchen-units.html,,,
DIY kitchen cabinets,Commercial,kitchen-units.html,https://www.cupboardcentre.co.za/kitchen-units,Kitchen Units | Custom Cabinets & DIY Cupboards,MISSING,YES - also on gallery-designs-of-kitchen-cupboard.html,kitchen-units.html,,,
kitchen cupboard design,Informational,kitchen-units.html,https://www.cupboardcentre.co.za/kitchen-units,Kitchen Units | Custom Cabinets & DIY Cupboards,MISSING,no,kitchen-units.html,,,
kitchen storage,Commercial,kitchen-units.html,https://www.cupboardcentre.co.za/kitchen-units,Kitchen Units | Custom Cabinets & DIY Cupboards,MISSING,YES - also on gallery-diy-units.html,kitchen-units.html,,,
cupboard installation,Commercial,kitchen-units.html,https://www.cupboardcentre.co.za/kitchen-units,Kitchen Units | Custom Cabinets & DIY Cupboards,MISSING,YES - also on about-us.html,kitchen-units.html,,,
Melamine doors,Commercial,melamine-doors-quartz-countertops.html,https://www.cupboardcentre.co.za/melamine-doors-quartz-countertops,Melamine Doors & Eazi Quartz Countertops | Affordable Solutions,"Explore durable melamine doors and stunning quartz countertops. Stylish, easy to maintain, and perfect for any modern kitchen or bathroom.",YES - also on gallery-bathroom-cabinetry.html,melamine-doors-quartz-countertops.html,,,
quartz countertops,Commercial,melamine-doors-quartz-countertops.html,https://www.cupboardcentre.co.za/melamine-doors-quartz-countertops,Melamine Doors & Eazi Quartz Countertops | Affordable Solutions,"Explore durable melamine doors and stunning quartz countertops. Stylish, easy to maintain, and perfect for any modern kitchen or bathroom.",YES - also on gallery-bathroom-cabinetry.html,melamine-doors-quartz-countertops.html,,,
Eazi quartz,Commercial,melamine-doors-quartz-countertops.html,https://www.cupboardcentre.co.za/melamine-doors-quartz-countertops,Melamine Doors & Eazi Quartz Countertops | Affordable Solutions,"Explore durable melamine doors and stunning quartz countertops. Stylish, easy to maintain, and perfect for any modern kitchen or bathroom.",YES - also on gallery-bathroom-cabinetry.html,melamine-doors-quartz-countertops.html,,,
flat panel doors,Commercial,melamine-doors-quartz-countertops.html,https://www.cupboardcentre.co.za/melamine-doors-quartz-countertops,Melamine Doors & Eazi Quartz Countertops | Affordable Solutions,"Explore durable melamine doors and stunning quartz countertops. Stylish, easy to maintain, and perfect for any modern kitchen or bathroom.",YES - also on gallery-designs-of-kitchen-cupboard.html,melamine-doors-quartz-countertops.html,,,
PVC waterproof,Commercial,melamine-doors-quartz-countertops.html,https://www.cupboardcentre.co.za/melamine-doors-quartz-countertops,Melamine Doors & Eazi Quartz Countertops | Affordable Solutions,"Explore durable melamine doors and stunning quartz countertops. Stylish, easy to maintain, and perfect for any modern kitchen or bathroom.",no,melamine-doors-quartz-countertops.html,,,
cabinet handles,Commercial,melamine-doors-quartz-countertops.html,https://www.cupboardcentre.co.za/melamine-doors-quartz-countertops,Melamine Doors & Eazi Quartz Countertops | Affordable Solutions,"Explore durable melamine doors and stunning quartz countertops. Stylish, easy to maintain, and perfect for any modern kitchen or bathroom.",no,melamine-doors-quartz-countertops.html,,,
durable countertops,Commercial,melamine-doors-quartz-countertops.html,https://www.cupboardcentre.co.za/melamine-doors-quartz-countertops,Melamine Doors & Eazi Quartz Countertops | Affordable Solutions,"Explore durable melamine doors and stunning quartz countertops. Stylish, easy to maintain, and perfect for any modern kitchen or bathroom.",no,melamine-doors-quartz-countertops.html,,,
kitchen countertops,Commercial,melamine-doors-quartz-countertops.html,https://www.cupboardcentre.co.za/melamine-doors-quartz-countertops,Melamine Doors & Eazi Quartz Countertops | Affordable Solutions,"Explore durable melamine doors and stunning quartz countertops. Stylish, easy to maintain, and perfect for any modern kitchen or bathroom.",no,melamine-doors-quartz-countertops.html,,,
DIY cupboards,Commercial,shop.html,https://www.cupboardcentre.co.za/shop,Explore DIY Cupboards & Pre-built cabinetry | Cupboard Centre,MISSING,YES - also on cart.html,shop.html,,,
Cupboard Centre Nelspruit,Navigational,shop.html,https://www.cupboardcentre.co.za/shop,Explore DIY Cupboards & Pre-built cabinetry | Cupboard Centre,MISSING,no,shop.html,,,
pre-assembled cabinets,Commercial,shop.html,https://www.cupboardcentre.co.za/shop,Explore DIY Cupboards & Pre-built cabinetry | Cupboard Centre,MISSING,no,shop.html,,,
custom cabinetry,Commercial,shop.html,https://www.cupboardcentre.co.za/shop,Explore DIY Cupboards & Pre-built cabinetry | Cupboard Centre,MISSING,YES - also on about-us.html,shop.html,,,
kitchen units,Commercial,shop.html,https://www.cupboardcentre.co.za/shop,Explore DIY Cupboards & Pre-built cabinetry | Cupboard Centre,MISSING,YES - also on kitchen-units.html,shop.html,,,
melamine doors,Commercial,shop.html,https://www.cupboardcentre.co.za/shop,Explore DIY Cupboards & Pre-built cabinetry | Cupboard Centre,MISSING,YES - also on gallery-bathroom-cabinetry.html,shop.html,,,
quartz countertops,Commercial,shop.html,https://www.cupboardcentre.co.za/shop,Explore DIY Cupboards & Pre-built cabinetry | Cupboard Centre,MISSING,YES - also on gallery-bathroom-cabinetry.html,shop.html,,,
bedroom cabinets,Commercial,shop.html,https://www.cupboardcentre.co.za/shop,Explore DIY Cupboards & Pre-built cabinetry | Cupboard Centre,MISSING,YES - also on home-cc.html,shop.html,,,
bathroom cabinets,Commercial,shop.html,https://www.cupboardcentre.co.za/shop,Explore DIY Cupboards & Pre-built cabinetry | Cupboard Centre,MISSING,YES - also on about-us.html,shop.html,,,
storage solutions,Commercial,shop.html,https://www.cupboardcentre.co.za/shop,Explore DIY Cupboards & Pre-built cabinetry | Cupboard Centre,MISSING,no,shop.html,,,
home renovation,Commercial,shop.html,https://www.cupboardcentre.co.za/shop,Explore DIY Cupboards & Pre-built cabinetry | Cupboard Centre,MISSING,no,shop.html,,,
flat-pack wardrobes,Commercial,shop.html,https://www.cupboardcentre.co.za/shop,Explore DIY Cupboards & Pre-built cabinetry | Cupboard Centre,MISSING,no,shop.html,,,
